Frank Hall,6667778888,fhall,frankie!hall,962.000000,14,22,
Carol White,3335556666,cwhite,carolPass99,0.000000,16,31,
Hannah Scott,8889996666,hscott,hannahScott1,0.000000,10,20,
Jane Smith,9876543210,jsmith,securePass!,0.000000,3,29,
Alice Johnson,5551234567,ajohnson,alice1234,0.000000,1,19,
Bob Brown,4449876543,bbrown,bobSecure!,536.000000,18,3,
John Doe,1234567290,jdoe,password123,134.000000,4,5,
